{
    "AX": {
        "error": 0.011574812575501527, 
        "filter_outliers_dict": {
            "filter_outliers": true, 
            "iterations": 1, 
            "std_devs": 2
        }, 
        "fit": "average", 
        "value": -0.11504688752648154
    }, 
    "H1": {
        "error": 0.010941119309931947, 
        "filter_outliers_dict": {
            "filter_outliers": true, 
            "iterations": 1, 
            "std_devs": 2
        }, 
        "fit": "average", 
        "value": -0.0513011833543749
    }, 
    "H2": {
        "error": 0.009431750758271507, 
        "filter_outliers_dict": {
            "filter_outliers": true, 
            "iterations": 1, 
            "std_devs": 2
        }, 
        "fit": "average", 
        "value": 0.01806794958496157
    }, 
    "L1": {
        "error": 0.009625271810814712, 
        "filter_outliers_dict": {
            "filter_outliers": true, 
            "iterations": 1, 
            "std_devs": 2
        }, 
        "fit": "average", 
        "value": -0.23074664235507347
    }, 
    "L2(CDD)": {
        "error": 6.336065589709797e-06, 
        "filter_outliers_dict": {
            "filter_outliers": true, 
            "iterations": 1, 
            "std_devs": 2
        }, 
        "fit": "average", 
        "value": 3.7571742060107016e-05
    }
}