{
    "AX": {
        "error": 0.012018066521730163, 
        "filter_outliers_dict": {
            "filter_outliers": true, 
            "iterations": 1, 
            "std_devs": 2
        }, 
        "fit": "average", 
        "value": -0.12787510077906664
    }, 
    "H1": {
        "error": 0.012352479132951743, 
        "filter_outliers_dict": {
            "filter_outliers": true, 
            "iterations": 1, 
            "std_devs": 2
        }, 
        "fit": "average", 
        "value": -0.038188352182382826
    }, 
    "H2": {
        "error": 0.008857608486307386, 
        "filter_outliers_dict": {
            "filter_outliers": true, 
            "iterations": 1, 
            "std_devs": 2
        }, 
        "fit": "average", 
        "value": 0.0316130587899015
    }, 
    "L1": {
        "error": 0.01087665119028424, 
        "filter_outliers_dict": {
            "filter_outliers": true, 
            "iterations": 1, 
            "std_devs": 2
        }, 
        "fit": "average", 
        "value": -0.33906471837770047
    }, 
    "L2(CDD)": {
        "error": 5.8515459661269684e-06, 
        "filter_outliers_dict": {
            "filter_outliers": true, 
            "iterations": 1, 
            "std_devs": 2
        }, 
        "fit": "average", 
        "value": 3.198197252574081e-05
    }
}