{
    "AX": {
        "error": 0.009756248664412822, 
        "filter_outliers_dict": {
            "filter_outliers": true, 
            "iterations": 1, 
            "std_devs": 2
        }, 
        "fit": "average", 
        "value": -0.1154090724518233
    }, 
    "H1": {
        "error": 0.010185524244811528, 
        "filter_outliers_dict": {
            "filter_outliers": true, 
            "iterations": 1, 
            "std_devs": 2
        }, 
        "fit": "average", 
        "value": -0.03429171114804228
    }, 
    "H2": {
        "error": 0.009197077881499809, 
        "filter_outliers_dict": {
            "filter_outliers": true, 
            "iterations": 1, 
            "std_devs": 2
        }, 
        "fit": "average", 
        "value": 0.015321571611886927
    }, 
    "L1": {
        "error": 0.010626957475901517, 
        "filter_outliers_dict": {
            "filter_outliers": true, 
            "iterations": 1, 
            "std_devs": 2
        }, 
        "fit": "average", 
        "value": -0.32431467558393395
    }, 
    "L2(CDD)": {
        "error": 5.896875756278667e-06, 
        "filter_outliers_dict": {
            "filter_outliers": true, 
            "iterations": 1, 
            "std_devs": 2
        }, 
        "fit": "average", 
        "value": 3.3034600473016595e-05
    }
}