{
    "AX": {
        "error": 0.011569516211198045, 
        "filter_outliers_dict": {
            "filter_outliers": true, 
            "iterations": 1, 
            "std_devs": 2
        }, 
        "fit": "average", 
        "value": -0.09996272912601234
    }, 
    "H1": {
        "error": 0.013665337595289484, 
        "filter_outliers_dict": {
            "filter_outliers": true, 
            "iterations": 1, 
            "std_devs": 2
        }, 
        "fit": "average", 
        "value": -0.026501979704250934
    }, 
    "H2": {
        "error": 0.009584636824634129, 
        "filter_outliers_dict": {
            "filter_outliers": true, 
            "iterations": 1, 
            "std_devs": 2
        }, 
        "fit": "average", 
        "value": 0.037831744604835724
    }, 
    "L1": {
        "error": 0.009249974982251776, 
        "filter_outliers_dict": {
            "filter_outliers": true, 
            "iterations": 1, 
            "std_devs": 2
        }, 
        "fit": "average", 
        "value": -0.33899674156012033
    }, 
    "L2(CDD)": {
        "error": 6.025341421689456e-06, 
        "filter_outliers_dict": {
            "filter_outliers": true, 
            "iterations": 1, 
            "std_devs": 2
        }, 
        "fit": "average", 
        "value": 3.464713690288588e-05
    }
}