{
    "Ar36": {
        "error": 0.0005279671735932446, 
        "filter_outliers_dict": {
            "filter_outliers": true, 
            "iterations": 2, 
            "std_devs": 2
        }, 
        "fit": "Parabolic", 
        "value": 0.044947115316450695
    }, 
    "Ar37": {
        "error": 0.011638386347179577, 
        "filter_outliers_dict": {
            "filter_outliers": true, 
            "iterations": 2, 
            "std_devs": 2
        }, 
        "fit": "linear", 
        "value": -0.3008293559963351
    }, 
    "Ar38": {
        "error": 0.013120181568769472, 
        "filter_outliers_dict": {
            "filter_outliers": true, 
            "iterations": 2, 
            "std_devs": 2
        }, 
        "fit": "linear", 
        "value": 1.47924158361689
    }, 
    "Ar39": {
        "error": 0.03154017746108986, 
        "filter_outliers_dict": {
            "filter_outliers": true, 
            "iterations": 2, 
            "std_devs": 2
        }, 
        "fit": "Parabolic", 
        "value": 120.33487429320853
    }, 
    "Ar40": {
        "error": 0.08464928147797328, 
        "filter_outliers_dict": {
            "filter_outliers": true, 
            "iterations": 2, 
            "std_devs": 2
        }, 
        "fit": "Parabolic", 
        "value": 1488.7774741543135
    }
}