{
    "Ar36": {
        "error": 0.0005462455522210836, 
        "filter_outliers_dict": {
            "filter_outliers": true, 
            "iterations": 2, 
            "std_devs": 2
        }, 
        "fit": "Parabolic", 
        "value": 0.0458581330584186
    }, 
    "Ar37": {
        "error": 0.011981317931899839, 
        "filter_outliers_dict": {
            "filter_outliers": true, 
            "iterations": 2, 
            "std_devs": 2
        }, 
        "fit": "linear", 
        "value": -0.23885419146273595
    }, 
    "Ar38": {
        "error": 0.012523392191522507, 
        "filter_outliers_dict": {
            "filter_outliers": true, 
            "iterations": 2, 
            "std_devs": 2
        }, 
        "fit": "linear", 
        "value": 1.5029184778204185
    }, 
    "Ar39": {
        "error": 0.031455065484234664, 
        "filter_outliers_dict": {
            "filter_outliers": true, 
            "iterations": 2, 
            "std_devs": 2
        }, 
        "fit": "Parabolic", 
        "value": 123.04465582941535
    }, 
    "Ar40": {
        "error": 0.09036830131616508, 
        "filter_outliers_dict": {
            "filter_outliers": true, 
            "iterations": 2, 
            "std_devs": 2
        }, 
        "fit": "Parabolic", 
        "value": 1522.670360680423
    }
}