{
    "Ar36": {
        "error": 0.0004851456745413096, 
        "filter_outliers_dict": {
            "filter_outliers": true, 
            "iterations": 2, 
            "std_devs": 2
        }, 
        "fit": "Parabolic", 
        "value": 0.045194553591882805
    }, 
    "Ar37": {
        "error": 0.012144392157774322, 
        "filter_outliers_dict": {
            "filter_outliers": true, 
            "iterations": 2, 
            "std_devs": 2
        }, 
        "fit": "linear", 
        "value": -0.3238219811542291
    }, 
    "Ar38": {
        "error": 0.011736024754695576, 
        "filter_outliers_dict": {
            "filter_outliers": true, 
            "iterations": 2, 
            "std_devs": 2
        }, 
        "fit": "linear", 
        "value": 1.4252516974399279
    }, 
    "Ar39": {
        "error": 0.034495469052837055, 
        "filter_outliers_dict": {
            "filter_outliers": true, 
            "iterations": 2, 
            "std_devs": 2
        }, 
        "fit": "Parabolic", 
        "value": 119.32997010763938
    }, 
    "Ar40": {
        "error": 0.08322875762986595, 
        "filter_outliers_dict": {
            "filter_outliers": true, 
            "iterations": 2, 
            "std_devs": 2
        }, 
        "fit": "Parabolic", 
        "value": 1476.8214700012788
    }
}