{
    "Ar36": {
        "error": 0.0005150653883690583, 
        "filter_outliers_dict": {
            "filter_outliers": true, 
            "iterations": 2, 
            "std_devs": 2
        }, 
        "fit": "Parabolic", 
        "value": 0.04565272160498673
    }, 
    "Ar37": {
        "error": 0.012380700412024796, 
        "filter_outliers_dict": {
            "filter_outliers": true, 
            "iterations": 2, 
            "std_devs": 2
        }, 
        "fit": "linear", 
        "value": -0.3277898421594516
    }, 
    "Ar38": {
        "error": 0.013978120459257108, 
        "filter_outliers_dict": {
            "filter_outliers": true, 
            "iterations": 2, 
            "std_devs": 2
        }, 
        "fit": "linear", 
        "value": 1.4047630842882013
    }, 
    "Ar39": {
        "error": 0.029491448169998966, 
        "filter_outliers_dict": {
            "filter_outliers": true, 
            "iterations": 2, 
            "std_devs": 2
        }, 
        "fit": "Parabolic", 
        "value": 119.02126204295126
    }, 
    "Ar40": {
        "error": 0.07851234717507499, 
        "filter_outliers_dict": {
            "filter_outliers": true, 
            "iterations": 2, 
            "std_devs": 2
        }, 
        "fit": "Parabolic", 
        "value": 1474.0044827828604
    }
}